photometry,cell,date,JQ-1,CC-90009,viability
0.007583333333333331,Karpas299,20250120,256000.0,256000.0,0.007721680101824351
0.008083333333333331,Karpas299,20250120,64000.0,256000.0,0.008230801866779804
0.00708333333333333,Karpas299,20250120,16000.0,256000.0,0.007212558336868898
0.008083333333333331,Karpas299,20250120,4000.0,256000.0,0.008230801866779804
0.009583333333333333,Karpas299,20250120,1000.0,256000.0,0.00975816716164616
0.00658333333333333,Karpas299,20250120,250.0,256000.0,0.006703436571913446
0.007583333333333331,Karpas299,20250120,62.5,256000.0,0.007721680101824351
0.011583333333333334,Karpas299,20250120,15.625,256000.0,0.011794654221467969
0.012083333333333335,Karpas299,20250120,0.0,256000.0,0.012303775986423422
0.00658333333333333,Karpas299,20250120,256000.0,256000.0,0.006703436571913446
0.00658333333333333,Karpas299,20250120,64000.0,256000.0,0.006703436571913446
0.00658333333333333,Karpas299,20250120,16000.0,256000.0,0.006703436571913446
0.0050833333333333425,Karpas299,20250120,4000.0,256000.0,0.005176071277047103
0.005583333333333343,Karpas299,20250120,1000.0,256000.0,0.005685193042002556
0.004583333333333342,Karpas299,20250120,250.0,256000.0,0.004666949512091651
0.00658333333333333,Karpas299,20250120,62.5,256000.0,0.006703436571913446
0.011083333333333334,Karpas299,20250120,15.625,256000.0,0.011285532456512516
0.010083333333333333,Karpas299,20250120,0.0,256000.0,0.010267288926601613
0.00658333333333333,Karpas299,20250120,256000.0,256000.0,0.006703436571913446
0.00658333333333333,Karpas299,20250120,64000.0,256000.0,0.006703436571913446
0.007583333333333331,Karpas299,20250120,16000.0,256000.0,0.007721680101824351
0.0060833333333333295,Karpas299,20250120,4000.0,256000.0,0.006194314806957994
0.005583333333333343,Karpas299,20250120,1000.0,256000.0,0.005685193042002556
0.008583333333333332,Karpas299,20250120,250.0,256000.0,0.008739923631735255
0.009583333333333333,Karpas299,20250120,62.5,256000.0,0.00975816716164616
0.012583333333333335,Karpas299,20250120,15.625,256000.0,0.012812897751378874
0.01708333333333334,Karpas299,20250120,0.0,256000.0,0.017394993635977945
0.00658333333333333,Karpas299,20250120,256000.0,64000.0,0.006703436571913446
0.010583333333333333,Karpas299,20250120,64000.0,64000.0,0.010776410691557065
0.009583333333333333,Karpas299,20250120,16000.0,64000.0,0.00975816716164616
0.014583333333333337,Karpas299,20250120,4000.0,64000.0,0.014849384811200683
0.01658333333333334,Karpas299,20250120,1000.0,64000.0,0.016885871871022494
0.04058333333333333,Karpas299,20250120,250.0,64000.0,0.041323716588884174
0.06258333333333332,Karpas299,20250120,62.5,64000.0,0.06372507424692404
0.06608333333333333,Karpas299,20250120,15.625,64000.0,0.06728892660161222
0.07208333333333333,Karpas299,20250120,0.0,64000.0,0.07339838778107764
0.00708333333333333,Karpas299,20250120,256000.0,64000.0,0.007212558336868898
0.012083333333333335,Karpas299,20250120,64000.0,64000.0,0.012303775986423422
0.011583333333333334,Karpas299,20250120,16000.0,64000.0,0.011794654221467969
0.013583333333333336,Karpas299,20250120,4000.0,64000.0,0.013831141281289778
0.020583333333333342,Karpas299,20250120,1000.0,64000.0,0.020958845990666112
0.03858333333333333,Karpas299,20250120,250.0,64000.0,0.03928722952906236
0.06258333333333332,Karpas299,20250120,62.5,64000.0,0.06372507424692404
0.07358333333333333,Karpas299,20250120,15.625,64000.0,0.074925753075944
0.07558333333333334,Karpas299,20250120,0.0,64000.0,0.0769622401357658
0.005583333333333343,Karpas299,20250120,256000.0,64000.0,0.005685193042002556
0.009583333333333333,Karpas299,20250120,64000.0,64000.0,0.00975816716164616
0.010583333333333333,Karpas299,20250120,16000.0,64000.0,0.010776410691557065
0.012583333333333335,Karpas299,20250120,4000.0,64000.0,0.012812897751378874
0.01958333333333334,Karpas299,20250120,1000.0,64000.0,0.019940602460755207
0.044083333333333335,Karpas299,20250120,250.0,64000.0,0.04488756894357234
0.07008333333333333,Karpas299,20250120,62.5,64000.0,0.07136190072125584
0.08458333333333334,Karpas299,20250120,15.625,64000.0,0.08612643190496395
0.11008333333333334,Karpas299,20250120,0.0,64000.0,0.11209164191769198
0.003583333333333341,Karpas299,20250120,256000.0,16000.0,0.0036487059821807464
0.013583333333333336,Karpas299,20250120,64000.0,16000.0,0.013831141281289778
0.031583333333333324,Karpas299,20250120,16000.0,16000.0,0.032159524819686036
0.04708333333333334,Karpas299,20250120,4000.0,16000.0,0.047942299533305054
0.06458333333333333,Karpas299,20250120,1000.0,16000.0,0.06576156130674586
0.11358333333333334,Karpas299,20250120,250.0,16000.0,0.11565549427238016
0.18908333333333333,Karpas299,20250120,62.5,16000.0,0.19253288078065336
0.19558333333333333,Karpas299,20250120,15.625,16000.0,0.19915146372507425
0.14358333333333334,Karpas299,20250120,0.0,16000.0,0.14620280016970727
0.005583333333333343,Karpas299,20250120,256000.0,16000.0,0.005685193042002556
0.014583333333333337,Karpas299,20250120,64000.0,16000.0,0.014849384811200683
0.031583333333333324,Karpas299,20250120,16000.0,16000.0,0.032159524819686036
0.04558333333333334,Karpas299,20250120,4000.0,16000.0,0.0464149342384387
0.06458333333333333,Karpas299,20250120,1000.0,16000.0,0.06576156130674586
0.10708333333333334,Karpas299,20250120,250.0,16000.0,0.10903691132795927
0.1745833333333333,Karpas299,20250120,62.5,16000.0,0.17776834959694526
0.21958333333333335,Karpas299,20250120,15.625,16000.0,0.22358930844293595
0.16558333333333336,Karpas299,20250120,0.0,16000.0,0.16860415782774718
0.00708333333333333,Karpas299,20250120,256000.0,16000.0,0.007212558336868898
0.015083333333333337,Karpas299,20250120,64000.0,16000.0,0.015358506576156136
0.031583333333333324,Karpas299,20250120,16000.0,16000.0,0.032159524819686036
0.04658333333333334,Karpas299,20250120,4000.0,16000.0,0.0474331777683496
0.06558333333333333,Karpas299,20250120,1000.0,16000.0,0.06677980483665676
0.11458333333333334,Karpas299,20250120,250.0,16000.0,0.11667373780229107
0.1755833333333333,Karpas299,20250120,62.5,16000.0,0.17878659312685616
0.22808333333333336,Karpas299,20250120,15.625,16000.0,0.23224437844717866
0.16308333333333336,Karpas299,20250120,0.0,16000.0,0.1660585490029699
0.00658333333333333,Karpas299,20250120,256000.0,4000.0,0.006703436571913446
0.014583333333333337,Karpas299,20250120,64000.0,4000.0,0.014849384811200683
0.04058333333333333,Karpas299,20250120,16000.0,4000.0,0.041323716588884174
0.06708333333333333,Karpas299,20250120,4000.0,4000.0,0.06830717013152311
0.09158333333333335,Karpas299,20250120,1000.0,4000.0,0.09325413661434029
0.15458333333333335,Karpas299,20250120,250.0,4000.0,0.15740347899872723
0.2505833333333333,Karpas299,20250120,62.5,4000.0,0.25515485787017395
0.3100833333333333,Karpas299,20250120,15.625,4000.0,0.3157403478998727
0.28008333333333335,Karpas299,20250120,0.0,4000.0,0.28519304200254564
0.00658333333333333,Karpas299,20250120,256000.0,4000.0,0.006703436571913446
0.01758333333333334,Karpas299,20250120,64000.0,4000.0,0.017904115400933396
0.042583333333333334,Karpas299,20250120,16000.0,4000.0,0.043360203648705985
0.06558333333333333,Karpas299,20250120,4000.0,4000.0,0.06677980483665676
0.09258333333333332,Karpas299,20250120,1000.0,4000.0,0.09427238014425116
0.16308333333333336,Karpas299,20250120,250.0,4000.0,0.1660585490029699
0.26208333333333333,Karpas299,20250120,62.5,4000.0,0.26686465846414936
0.31958333333333333,Karpas299,20250120,15.625,4000.0,0.32541366143402634
0.27508333333333335,Karpas299,20250120,0.0,4000.0,0.28010182435299114
0.005583333333333343,Karpas299,20250120,256000.0,4000.0,0.005685193042002556
0.015583333333333338,Karpas299,20250120,64000.0,4000.0,0.01586762834111159
0.044583333333333336,Karpas299,20250120,16000.0,4000.0,0.045396690708527795
0.07258333333333333,Karpas299,20250120,4000.0,4000.0,0.07390750954603309
0.10158333333333333,Karpas299,20250120,1000.0,4000.0,0.1034365719134493
0.18208333333333332,Karpas299,20250120,250.0,4000.0,0.18540517607127704
0.3085833333333333,Karpas299,20250120,62.5,4000.0,0.31421298260500635
0.3690833333333333,Karpas299,20250120,15.625,4000.0,0.37581671616461604
0.3660833333333333,Karpas299,20250120,0.0,4000.0,0.3727619855748833
0.005583333333333343,Karpas299,20250120,256000.0,1000.0,0.005685193042002556
0.01808333333333334,Karpas299,20250120,64000.0,1000.0,0.01841323716588885
0.06008333333333332,Karpas299,20250120,16000.0,1000.0,0.061179465422146785
0.08758333333333335,Karpas299,20250120,4000.0,1000.0,0.08918116249469667
0.12858333333333333,Karpas299,20250120,1000.0,1000.0,0.1309291472210437
0.21758333333333335,Karpas299,20250120,250.0,1000.0,0.22155282138311416
0.35408333333333336,Karpas299,20250120,62.5,1000.0,0.36054306321595253
0.39258333333333334,Karpas299,20250120,15.625,1000.0,0.3997454391175223
0.23008333333333336,Karpas299,20250120,0.0,1000.0,0.23428086550700045
0.00658333333333333,Karpas299,20250120,256000.0,1000.0,0.006703436571913446
0.01908333333333334,Karpas299,20250120,64000.0,1000.0,0.019431480695799752
0.053583333333333344,Karpas299,20250120,16000.0,1000.0,0.05456088247772593
0.08258333333333334,Karpas299,20250120,4000.0,1000.0,0.08408994484514214
0.11858333333333335,Karpas299,20250120,1000.0,1000.0,0.12074671192193467
0.20758333333333334,Karpas299,20250120,250.0,1000.0,0.2113703860840051
0.3590833333333333,Karpas299,20250120,62.5,1000.0,0.365634280865507
0.3910833333333333,Karpas299,20250120,15.625,1000.0,0.3982180738226559
0.2340833333333333,Karpas299,20250120,0.0,1000.0,0.23835383962664403
0.005583333333333343,Karpas299,20250120,256000.0,1000.0,0.005685193042002556
0.01958333333333334,Karpas299,20250120,64000.0,1000.0,0.019940602460755207
0.054583333333333345,Karpas299,20250120,16000.0,1000.0,0.05557912600763684
0.08358333333333334,Karpas299,20250120,4000.0,1000.0,0.08510818837505305
0.12108333333333335,Karpas299,20250120,1000.0,1000.0,0.12329232074671194
0.22358333333333336,Karpas299,20250120,250.0,1000.0,0.2276622825625796
0.3595833333333333,Karpas299,20250120,62.5,1000.0,0.3661434026304624
0.41658333333333336,Karpas299,20250120,15.625,1000.0,0.424183283835384
0.20558333333333334,Karpas299,20250120,0.0,1000.0,0.20933389902418328
0.005583333333333343,Karpas299,20250120,256000.0,250.0,0.005685193042002556
0.022583333333333344,Karpas299,20250120,64000.0,250.0,0.02299533305048792
0.07358333333333333,Karpas299,20250120,16000.0,250.0,0.074925753075944
0.11808333333333335,Karpas299,20250120,4000.0,250.0,0.12023759015697923
0.1735833333333333,Karpas299,20250120,1000.0,250.0,0.17675010606703434
0.3135833333333333,Karpas299,20250120,250.0,250.0,0.31930420025456085
0.45308333333333334,Karpas299,20250120,62.5,250.0,0.461349172677132
0.5155833333333333,Karpas299,20250120,15.625,250.0,0.5249893932965634
0.4180833333333334,Karpas299,20250120,0.0,250.0,0.4257106491302504
0.00658333333333333,Karpas299,20250120,256000.0,250.0,0.006703436571913446
0.024583333333333346,Karpas299,20250120,64000.0,250.0,0.02503182011030973
0.08108333333333334,Karpas299,20250120,16000.0,250.0,0.08256257955027578
0.13258333333333333,Karpas299,20250120,4000.0,250.0,0.13500212134068731
0.18008333333333332,Karpas299,20250120,1000.0,250.0,0.18336868901145523
0.32358333333333333,Karpas299,20250120,250.0,250.0,0.3294866355536699
0.45408333333333323,Karpas299,20250120,62.5,250.0,0.46236741620704275
0.5465833333333334,Karpas299,20250120,15.625,250.0,0.5565549427238016
0.48608333333333326,Karpas299,20250120,0.0,250.0,0.4949512091641917
0.005583333333333343,Karpas299,20250120,256000.0,250.0,0.005685193042002556
0.023583333333333345,Karpas299,20250120,64000.0,250.0,0.024013576580398825
0.08558333333333334,Karpas299,20250120,16000.0,250.0,0.08714467543487485
0.13408333333333333,Karpas299,20250120,4000.0,250.0,0.13652948663555367
0.18958333333333333,Karpas299,20250120,1000.0,250.0,0.19304200254560883
0.3580833333333333,Karpas299,20250120,250.0,250.0,0.36461603733559605
0.5400833333333332,Karpas299,20250120,62.5,250.0,0.5499363597793805
0.5595833333333333,Karpas299,20250120,15.625,250.0,0.5697921086126432
0.5785833333333332,Karpas299,20250120,0.0,250.0,0.5891387356809503
0.007583333333333331,Karpas299,20250120,256000.0,62.5,0.007721680101824351
0.03458333333333333,Karpas299,20250120,64000.0,62.5,0.03521425540941875
0.21558333333333335,Karpas299,20250120,16000.0,62.5,0.21951633432329234
0.27908333333333335,Karpas299,20250120,4000.0,62.5,0.2841747984726347
0.39358333333333334,Karpas299,20250120,1000.0,62.5,0.4007636826474332
0.5710833333333334,Karpas299,20250120,250.0,62.5,0.5815019092066187
0.6930833333333333,Karpas299,20250120,62.5,62.5,0.7057276198557488
0.7900833333333332,Karpas299,20250120,15.625,62.5,0.8044972422571064
0.7445833333333334,Karpas299,20250120,0.0,62.5,0.7581671616461604
0.00658333333333333,Karpas299,20250120,256000.0,62.5,0.006703436571913446
0.03508333333333333,Karpas299,20250120,64000.0,62.5,0.035723377174374196
0.19658333333333333,Karpas299,20250120,16000.0,62.5,0.20016970725498515
0.26958333333333334,Karpas299,20250120,4000.0,62.5,0.27450148493848114
0.35608333333333336,Karpas299,20250120,1000.0,62.5,0.3625795502757743
0.5290833333333333,Karpas299,20250120,250.0,62.5,0.5387356809503606
0.6825833333333333,Karpas299,20250120,62.5,62.5,0.6950360627916844
0.7140833333333332,Karpas299,20250120,15.625,62.5,0.7271107339838777
0.7285833333333334,Karpas299,20250120,0.0,62.5,0.741875265167586
0.00658333333333333,Karpas299,20250120,256000.0,62.5,0.006703436571913446
0.031083333333333324,Karpas299,20250120,64000.0,62.5,0.03165040305473058
0.20858333333333334,Karpas299,20250120,16000.0,62.5,0.212388629613916
0.27008333333333334,Karpas299,20250120,4000.0,62.5,0.2750106067034366
0.3755833333333333,Karpas299,20250120,1000.0,62.5,0.3824352991090369
0.5600833333333333,Karpas299,20250120,250.0,62.5,0.5703012303775986
0.6605833333333333,Karpas299,20250120,62.5,62.5,0.6726347051336444
0.7520833333333332,Karpas299,20250120,15.625,62.5,0.765803988120492
0.7945833333333334,Karpas299,20250120,0.0,62.5,0.8090793381417056
0.00658333333333333,Karpas299,20250120,256000.0,0.0,0.006703436571913446
0.03558333333333333,Karpas299,20250120,64000.0,0.0,0.03623249893932965
0.39458333333333334,Karpas299,20250120,16000.0,0.0,0.4017819261773441
0.49608333333333327,Karpas299,20250120,4000.0,0.0,0.5051336444633008
0.5745833333333334,Karpas299,20250120,1000.0,0.0,0.5850657615613069
0.7615833333333333,Karpas299,20250120,250.0,0.0,0.7754773016546457
0.9060833333333334,Karpas299,20250120,62.5,0.0,0.9226134917267713
0.9730833333333333,Karpas299,20250120,15.625,0.0,0.9908358082308019
0.9765833333333334,Karpas299,20250120,0.0,0.0,0.9943996605854901
0.00658333333333333,Karpas299,20250120,256000.0,0.0,0.006703436571913446
0.03758333333333333,Karpas299,20250120,64000.0,0.0,0.03826898599915146
0.3980833333333334,Karpas299,20250120,16000.0,0.0,0.4053457785320323
0.5350833333333334,Karpas299,20250120,4000.0,0.0,0.544845142129826
0.6310833333333332,Karpas299,20250120,1000.0,0.0,0.6425965210012727
0.8200833333333333,Karpas299,20250120,250.0,0.0,0.8350445481544335
0.9415833333333332,Karpas299,20250120,62.5,0.0,0.9587611370386083
0.9590833333333333,Karpas299,20250120,15.625,0.0,0.9765803988120492
0.9815833333333333,Karpas299,20250120,0.0,0.0,0.9994908782350445
0.008083333333333331,Karpas299,20250120,256000.0,0.0,0.008230801866779804
0.04158333333333333,Karpas299,20250120,64000.0,0.0,0.04234196011879508
0.41958333333333336,Karpas299,20250120,16000.0,0.0,0.4272380144251167
0.5050833333333333,Karpas299,20250120,4000.0,0.0,0.5142978362324989
0.6025833333333332,Karpas299,20250120,1000.0,0.0,0.613576580398812
0.7855833333333333,Karpas299,20250120,250.0,0.0,0.7999151463725074
0.9685833333333334,Karpas299,20250120,62.5,0.0,0.9862537123462028
1.0260833333333332,Karpas299,20250120,15.625,0.0,1.0448027153160797
0.9880833333333332,Karpas299,20250120,0.0,0.0,1.0061094611794654
