,Gene_set,Term,Overlap,P-value,Adjusted P-value,Old P-value,Old Adjusted P-value,Odds Ratio,Combined Score,Genes
0,KEGG_2021_Human,Starch and sucrose metabolism,3/36,0.00013903588612146947,0.0132084091815396,0,0,34.15265866209263,303.30219623884494,PYGB;GYG1;PGM2L1
1,KEGG_2021_Human,Pentose phosphate pathway,2/30,0.0031852247621403,0.1008654508011112,0,0,26.343915343915345,151.45729225683525,PGD;TKT
2,KEGG_2021_Human,Glyoxylate and dicarboxylate metabolism,2/30,0.0031852247621403,0.1008654508011112,0,0,26.343915343915345,151.45729225683525,SHMT1;PGP
3,KEGG_2021_Human,Phosphonate and phosphinate metabolism,1/6,0.0166847718987565,0.3386103336935072,0,0,72.50545454545454,296.7835926147705,PCYT2
4,KEGG_2021_Human,p53 signaling pathway,2/73,0.0178215965101845,0.3386103336935072,0,0,10.366718831507564,41.75034568511572,BID;BCL2L1
5,KEGG_2021_Human,Human immunodeficiency virus 1 infection,3/212,0.0215698797864186,0.3415230966182953,0,0,5.344858716258915,20.505322730015106,PTK2B;BID;BCL2L1
6,KEGG_2021_Human,T cell receptor signaling pathway,2/104,0.0343801592640666,0.3780274234311075,0,0,7.20479302832244,24.282138481972,GRAP2;NCK2
7,KEGG_2021_Human,Leukocyte transendothelial migration,2/114,0.0406216585141305,0.3780274234311075,0,0,6.558201058201059,21.00889471539754,CLDN5;PTK2B
8,KEGG_2021_Human,Purine metabolism,2/129,0.0507118050117366,0.3780274234311075,0,0,5.779235928842228,17.231349936083543,NUDT5;PAICS
9,KEGG_2021_Human,Natural killer cell mediated cytotoxicity,2/131,0.0521192385170196,0.3780274234311075,0,0,5.689061154177433,16.806744711469648,PTK2B;BID
10,KEGG_2021_Human,One carbon pool by folate,1/20,0.0545601179499192,0.3780274234311075,0,0,19.066985645933013,55.45541451142644,SHMT1
11,KEGG_2021_Human,Measles,2/139,0.0578868282662579,0.3780274234311075,0,0,5.354690456880238,15.256934307364943,BID;BCL2L1
12,KEGG_2021_Human,Apoptosis,2/142,0.0601048299150358,0.3780274234311075,0,0,5.239153439153439,14.73074475281542,BID;BCL2L1
13,KEGG_2021_Human,Cell adhesion molecules,2/148,0.0646275027612712,0.3780274234311075,0,0,5.0223236935565705,13.75672326605675,CLDN5;SDC4
14,KEGG_2021_Human,Hepatitis C,2/157,0.0716189600673629,0.3780274234311075,0,0,4.728554360812425,12.466339129388476,CLDN5;BID
15,KEGG_2021_Human,Fatty acid elongation,1/27,0.0729567468907788,0.3780274234311075,0,0,13.928671328671328,36.46370879499823,HADH
16,KEGG_2021_Human,Necroptosis,2/159,0.0732050342228236,0.3780274234311075,0,0,4.667846190139184,12.204042258876775,PYGB;BID
17,KEGG_2021_Human,Butanoate metabolism,1/28,0.0755559718968359,0.3780274234311075,0,0,13.412121212121212,34.64192039516318,HADH
18,KEGG_2021_Human,Hepatitis B,2/162,0.0756054846862215,0.3780274234311075,0,0,4.57962962962963,11.825640759315828,PTK2B;BID
19,KEGG_2021_Human,SNARE interactions in vesicular transport,1/33,0.0884451163420416,0.388861658722934,0,0,11.313636363636364,27.43978900166533,YKT6
20,KEGG_2021_Human,Pathogenic Escherichia coli infection,2/197,0.1053195334944233,0.388861658722934,0,0,3.750997150997151,8.442580745618459,CLDN5;NCK2
21,KEGG_2021_Human,"Glycine, serine and threonine metabolism",1/40,0.1061938618617769,0.388861658722934,0,0,9.27972027972028,20.8096703696972,SHMT1
22,KEGG_2021_Human,Ferroptosis,1/41,0.1087015302888756,0.388861658722934,0,0,9.047272727272729,20.077249906423734,PCBP1
23,KEGG_2021_Human,Tryptophan metabolism,1/42,0.1112022885086058,0.388861658722934,0,0,8.826164079822616,19.38582488980337,HADH
24,KEGG_2021_Human,Fatty acid degradation,1/43,0.1136961552035784,0.388861658722934,0,0,8.615584415584415,18.73222500578713,HADH
25,KEGG_2021_Human,Porphyrin and chlorophyll metabolism,1/43,0.1136961552035784,0.388861658722934,0,0,8.615584415584415,18.73222500578713,BLVRA
26,KEGG_2021_Human,Lipid and atherosclerosis,2/215,0.1216540910389704,0.388861658722934,0,0,3.4308815858111634,7.227404507294628,BID;BCL2L1
27,KEGG_2021_Human,Amino sugar and nucleotide sugar metabolism,1/48,0.1260627669259398,0.388861658722934,0,0,7.697098646034816,15.940501530593654,NANS
28,KEGG_2021_Human,"Valine, leucine and isoleucine degradation",1/48,0.1260627669259398,0.388861658722934,0,0,7.697098646034816,15.940501530593654,HADH
29,KEGG_2021_Human,Vibrio cholerae infection,1/50,0.1309618198144747,0.388861658722934,0,0,7.382189239332097,15.00687933540933,PDIA4
30,KEGG_2021_Human,Cysteine and methionine metabolism,1/50,0.1309618198144747,0.388861658722934,0,0,7.382189239332097,15.00687933540933,AHCY
31,KEGG_2021_Human,Human cytomegalovirus infection,2/225,0.1309849797803567,0.388861658722934,0,0,3.275369539943531,6.657753985928244,PTK2B;BID
32,KEGG_2021_Human,Calcium signaling pathway,2/240,0.1452801061591028,0.4014348016641565,0,0,3.066604419545596,5.915760928719625,STIM1;PTK2B
33,KEGG_2021_Human,Pyrimidine metabolism,1/56,0.1454977112360296,0.4014348016641565,0,0,6.574876033057851,12.673697659564745,DTYMK
34,KEGG_2021_Human,Glutathione metabolism,1/57,0.1478970321920577,0.4014348016641565,0,0,6.457142857142857,12.34114310075991,PGD
35,KEGG_2021_Human,Viral myocarditis,1/60,0.1550553648708816,0.4029630485101835,0,0,6.12788906009245,11.422219957998047,BID
36,KEGG_2021_Human,Endocytosis,2/252,0.1569435031039662,0.4029630485101835,0,0,2.9176296296296296,5.403069006078362,ARF3;VPS26B
37,KEGG_2021_Human,Lysine degradation,1/63,0.1621546270031827,0.405386567507957,0,0,5.83049853372434,10.606871567934109,HADH
38,KEGG_2021_Human,Glycolysis / Gluconeogenesis,1/67,0.1715292490995079,0.4129098074415009,0,0,5.47603305785124,9.654254375843076,ENO2
39,KEGG_2021_Human,Mitophagy,1/68,0.1738567610280003,0.4129098074415009,0,0,5.394029850746269,9.436982152284866,BCL2L1
40,KEGG_2021_Human,Thyroid hormone synthesis,1/75,0.1899704861486738,0.4199808254662731,0,0,4.882063882063882,8.108554262113028,PDIA4
41,KEGG_2021_Human,Chronic myeloid leukemia,1/76,0.1922471028417366,0.4199808254662731,0,0,4.816727272727273,7.942656787655047,BCL2L1
42,KEGG_2021_Human,Pancreatic cancer,1/76,0.1922471028417366,0.4199808254662731,0,0,4.816727272727273,7.942656787655047,BCL2L1
43,KEGG_2021_Human,Bacterial invasion of epithelial cells,1/77,0.1945174349528001,0.4199808254662731,0,0,4.75311004784689,7.781950904843825,CD2AP
44,KEGG_2021_Human,RNA degradation,1/79,0.1990393136073361,0.4201941065043763,0,0,4.630769230769231,7.475232743138356,ENO2
45,KEGG_2021_Human,ErbB signaling pathway,1/85,0.2124558821232867,0.4387675826459183,0,0,4.298701298701299,6.658778265064262,NCK2
46,KEGG_2021_Human,ECM-receptor interaction,1/88,0.2190811462961649,0.4428235935773548,0,0,4.149843260188088,6.300761329957106,SDC4
47,KEGG_2021_Human,Small cell lung cancer,1/92,0.2278297445070806,0.4459218757394994,0,0,3.966633366633367,5.867272176277879,BCL2L1
48,KEGG_2021_Human,GnRH signaling pathway,1/93,0.2300018095919523,0.4459218757394994,0,0,3.923320158102767,5.765978491469503,PTK2B
49,KEGG_2021_Human,Glycerophospholipid metabolism,1/98,0.2407724437654913,0.4522643360099405,0,0,3.720149953139644,5.297132709549115,PCYT2
50,KEGG_2021_Human,Amoebiasis,1/102,0.2492822911987013,0.4522643360099405,0,0,3.572097209720972,4.96224786993517,SERPINB9
51,KEGG_2021_Human,NF-kappa B signaling pathway,1/104,0.2535020143517894,0.4522643360099405,0,0,3.5023830538393645,4.8066127481676375,BCL2L1
52,KEGG_2021_Human,Glucagon signaling pathway,1/107,0.2597879556852913,0.4522643360099405,0,0,3.4027444253859347,4.586523603874456,PYGB
53,KEGG_2021_Human,Insulin resistance,1/108,0.2618716943194929,0.4522643360099405,0,0,3.370773152081563,4.516501007732415,PYGB
54,KEGG_2021_Human,HIF-1 signaling pathway,1/109,0.2639496715600547,0.4522643360099405,0,0,3.33939393939394,4.448062148205153,ENO2
55,KEGG_2021_Human,Toxoplasmosis,1/112,0.2701491911942356,0.4522643360099405,0,0,3.2486486486486488,4.251769343128155,BCL2L1
56,KEGG_2021_Human,Amyotrophic lateral sclerosis,2/364,0.2713586016059643,0.4522643360099405,0,0,2.003478616738285,2.6131653681330964,BID;BCL2L1
57,KEGG_2021_Human,Sphingolipid signaling pathway,1/119,0.2844159881224491,0.4658537736488392,0,0,3.054853620955316,3.8409205070123225,BID
58,KEGG_2021_Human,Platelet activation,1/124,0.2944385008409751,0.4730796034689826,0,0,2.9299334811529936,3.5823860798545817,STIM1
59,KEGG_2021_Human,Osteoclast differentiation,1/127,0.3003856947752993,0.4730796034689826,0,0,2.85974025974026,3.4393752386402934,FHL2
60,KEGG_2021_Human,Insulin signaling pathway,1/137,0.3198562854078268,0.4730796034689826,0,0,2.648128342245989,3.018557782468822,PYGB
61,KEGG_2021_Human,Autophagy,1/137,0.3198562854078268,0.4730796034689826,0,0,2.648128342245989,3.018557782468822,BCL2L1
62,KEGG_2021_Human,Yersinia infection,1/137,0.3198562854078268,0.4730796034689826,0,0,2.648128342245989,3.018557782468822,PTK2B
63,KEGG_2021_Human,Estrogen signaling pathway,1/137,0.3198562854078268,0.4730796034689826,0,0,2.648128342245989,3.018557782468822,FKBP5
64,KEGG_2021_Human,Fluid shear stress and atherosclerosis,1/139,0.3236860444787776,0.4730796034689826,0,0,2.609486166007905,2.943451419101904,SDC4
65,KEGG_2021_Human,Phospholipase D signaling pathway,1/148,0.3406594916749508,0.4859452175094089,0,0,2.44860853432282,2.636837623653249,PTK2B
66,KEGG_2021_Human,Spliceosome,1/150,0.3443741659287117,0.4859452175094089,0,0,2.4154972544234288,2.574984134771403,PCBP1
67,KEGG_2021_Human,Non-alcoholic fatty liver disease,1/155,0.3535711608304614,0.4859452175094089,0,0,2.336481700118064,2.429171121426597,BID
68,KEGG_2021_Human,JAK-STAT signaling pathway,1/162,0.3662344121817574,0.4859452175094089,0,0,2.2341050254093733,2.244117569560288,BCL2L1
69,KEGG_2021_Human,Hippo signaling pathway,1/163,0.3680234439455933,0.4859452175094089,0,0,2.22020202020202,2.2193331140986974,MOB1B
70,KEGG_2021_Human,Hepatocellular carcinoma,1/168,0.3768944681315739,0.4859452175094089,0,0,2.153184540010887,2.1010560630930057,BCL2L1
71,KEGG_2021_Human,Tight junction,1/169,0.3786539400480311,0.4859452175094089,0,0,2.14025974025974,2.0784759590667927,CLDN5
72,KEGG_2021_Human,Protein processing in endoplasmic reticulum,1/171,0.3821582579351044,0.4859452175094089,0,0,2.114866310160428,2.0343331916323386,PDIA4
73,KEGG_2021_Human,Influenza A,1/172,0.3839031303942674,0.4859452175094089,0,0,2.102392344497608,2.012756894859688,BID
74,KEGG_2021_Human,Pathways of neurodegeneration,2/475,0.385309652430483,0.4859452175094089,0,0,1.5246261060214548,1.454048077633872,BID;BCL2L1
75,KEGG_2021_Human,Tuberculosis,1/180,0.3976889719233683,0.4859452175094089,0,0,2.007618080243778,1.8511946315341303,BID
76,KEGG_2021_Human,NOD-like receptor signaling pathway,1/181,0.3993907557114703,0.4859452175094089,0,0,1.9963636363636363,1.8322924983111388,BCL2L1
77,KEGG_2021_Human,Axon guidance,1/182,0.4010878168695137,0.4859452175094089,0,0,1.9852335509794072,1.813659505022421,NCK2
78,KEGG_2021_Human,Herpes simplex virus 1 infection,2/498,0.4081282633280509,0.4859452175094089,0,0,1.45221027479092,1.3014327757871236,BID;BCL2L1
79,KEGG_2021_Human,Transcriptional misregulation in cancer,1/192,0.4178014970581873,0.4859452175094089,0,0,1.8803426939552597,1.6410669174989423,BCL2L1
80,KEGG_2021_Human,Chemokine signaling pathway,1/192,0.4178014970581873,0.4859452175094089,0,0,1.8803426939552597,1.6410669174989423,PTK2B
81,KEGG_2021_Human,Kaposi sarcoma-associated herpesvirus infection,1/193,0.4194474509028583,0.4859452175094089,0,0,1.8704545454545451,1.6250827572185065,BID
82,KEGG_2021_Human,Focal adhesion,1/201,0.4324515867926685,0.4862291795886461,0,0,1.794909090909091,1.5046451822667226,PARVB
83,KEGG_2021_Human,Epstein-Barr virus infection,1/202,0.4340568521076198,0.4862291795886461,0,0,1.785888738127544,1.4904665905621564,BID
84,KEGG_2021_Human,Proteoglycans in cancer,1/205,0.4388459395126228,0.4862291795886461,0,0,1.7593582887700534,1.4490195603153355,SDC4
85,KEGG_2021_Human,Pathways in cancer,2/531,0.4401653625749849,0.4862291795886461,0,0,1.3593082685710285,1.1154548880203297,BID;BCL2L1
86,KEGG_2021_Human,Human T-cell leukemia virus 1 infection,1/219,0.4606738824002276,0.5030346991726624,0,0,1.6452043369474565,1.2751401345156703,BCL2L1
87,KEGG_2021_Human,Ras signaling pathway,1/232,0.4801948008785795,0.5183921145848301,0,0,1.5515938606847697,1.1381925023787312,BCL2L1
88,KEGG_2021_Human,Shigellosis,1/246,0.5004414579476765,0.5268618342989201,0,0,1.4618923933209649,1.012016432148077,BCL2L1
89,KEGG_2021_Human,Salmonella infection,1/249,0.5046781781179129,0.5268618342989201,0,0,1.4439882697947215,0.987448742200268,FHOD1
90,KEGG_2021_Human,Parkinson disease,1/249,0.5046781781179129,0.5268618342989201,0,0,1.4439882697947215,0.987448742200268,BCL2L1
91,KEGG_2021_Human,MAPK signaling pathway,1/294,0.5641511120564842,0.5825473439713694,0,0,1.2194228979211914,0.6980380713631615,STMN1
92,KEGG_2021_Human,MicroRNAs in cancer,1/310,0.583558810137948,0.5961084619688716,0,0,1.1553398058252426,0.6222776233636755,STMN1
93,KEGG_2021_Human,PI3K-Akt signaling pathway,1/354,0.6326590391355753,0.6393894544455283,0,0,1.009065155807365,0.4619738873855168,BCL2L1
94,KEGG_2021_Human,Alzheimer disease,1/369,0.6480611336646864,0.6480611336646864,0,0,0.967193675889328,0.4195398377574741,BID
