,Y1,Y2,Y3,Y4,Y6,Y7,Y8,M2,M3,M4,M5,M6,M7,M8,O1,O2,O3,O4,O5,O6,O8
BLC,78.91,64.63,35.7,45.22,24.69,36.3,52.8,242.27,63.53,99.29,53.62,248.73375,68.59,135.18,234.93,130.33,34.99,71.71,119.72,105.15,72.82
Eotaxin,840.89,520.36,841.64,1015.73,698.27,242.74,593.03,1239.48,1261.07,936.13,850.77,861.61,1324.33,1366.24,1097.98,1743.46,1311.08,1402.99,1603.98,1385.4,564.27
Eotaxin-2,135.77,106.11,58.53,111.45,88.22,56.65,91.93,167.17,154.61,187.19,137.01,332.31625,217.18,74.25,225.55,174.11,201.52,155.4,194.83,166.84,107.28
G-CSF,203.46,222.16,22.48,24.14,46.17,22.89,48.71,277.89375,49.32,118.32,123.68,89.67,78.3,104.55,219.41,97.45,71.15,2.248,79.28,43.04,111.19
GM-CSF,1.29,6.67,0.35,12.92,1.37,0.88,1.07,5.49,5.94,10.16,5.65,6.74,7.54,7.64,13.24,7.77,5.3,7.12,13.31375,7.53,5.21
I-309,50.85,20.63,4.62,2.37,0.237,0.237,5.33,105.25125,25.23,38.31,26.78,25.18,16.54,28.99,81.73,63.04,27.48,39.36,26.84,53.34,31.16
ICAM-1,64089.45,66602.35,56988.81,60697.39,61783.93,43942.8,68532.88,91575.71,103173.36,179193.12,84227.88,108022.46,193241.12,174085.44,99256.8,146904.4,168186.84,132145.76,135974.19,85543.47,141565.51
IFNg,5.02,12.65,0.61,1.41,0.7,1,1.94,11.42,4.11,7.16,3.87,4.13,6.35,5.28,19.6175,19.6175,4.45,4.21,9.69,6.15,6.15
IL-1a,73.44,41.96,38.1,157.65,35.28,22.67,10.41,55.43,112.37,161.15,42.82,26.44,112.46,54.37,131.2,105.77,11.86,73.85,109.37,37.6,19.26
IL-1b,76.96,44.27,9.35,20.75,18.85,10.83,15.39,81.79375,30.82,31.9,27.11,29.64,46.72,32.46,68.42,27.44,13.76,25.18,40.51,36.41,13.36
IL-1ra,1266.61,382.84,304.21,368.69,594.39,462.85,673.79,914.33,898.27,797.86,295.6,719.67,870.25,938.98,1462.26,1396.61,1078.99,1049.15,1513.3,310.23,811.38
IL-2,19.4,14.39,9.86,4.88,9.91,4.56,5.26,67.325,14.52,42.76,23.37,25.19,67.325,25.37,33.77,26.2,19.55,41.18,66.46,26.11,20.25
IL-4,3.56,17.44,2.94,5.52,1.76,2.05,8.19,45.52375,16.12,26.77,18.69,36.26,25.4,18.88,34.39,19.85,16.72,18.29,26.42,17.33,17.02
IL-5,0.001,28.91,0.001,0.001,0.001,0.01,1.44,56.19,24.99,41.73,26.47,40.28,99.66,95.27,112.18,68.43,35.09,128.9,129.29,60.62,36.77
IL-6,6.36,10.06,4.13,6.71,2.72,1.82,3.21,10.7,6.63,12.14,6.79,8.65,7.85,9.23,17.57,12.76,7.51,12.44,12.26,7.71,6.21
IL-6R,6732.8,6996.98,6406.75,7167.43,5920.13,5579.12,5367.58,11766.54,10017.83,8844.29,9522.16,10043.86,9597.52,10523.41,10583.53,10727.25,9535.78,9958.17,9022.38,9813.7,7305.44
IL-7,16.33,19.45,7.08,67.84,3.72,1.69,9.03,73.37,40.06,94.26,39.29,43.44,81.4,81.01,92.58,44.5,31.34,64.27,85.03,41.18,30.97
IL-8,0.81,1.74,0.91,1.21,0.3,0.46,0.47,1.38,1.27,2.44,1.55,1.68,2.58,1.77,4.4325,2.75,1.28,1.89,4.36,1.1,1.67
IL-10,6.9,12.08,4.71,20.9675,3.85,3.2275,3.57,10.47,10.6,19.88,11.57,12.75,13.46,13.86,19.97,13.6,9.64,20.9675,15.68,11.79,13.04
IL-11,0.635,23.47,33.11,32.47,0.635,0.635,6.35,74.98,87.37,131.84,97.55,112.99,94.41,171.22,129.09,157.47,108.18,106.81,129.34,95.57,63.36
IL-12p40,168.27,202.64,37.78,31.58,20.15,19.37,62.57,531.50125,112.46,101.1,117.14,332.56,140.55,197.06,362.56,377.47,143.69,203.44,148.6,348.85,119.29
IL-12p70,0.11,0.21,0.04,0.12,0.004,0.04,0.004,0.79,0.47,0.5,0.38,0.39,0.5,0.51,0.63,0.4,0.34,0.58,0.13,0.33,0.68
IL-13,0.006,0.84,0.006,0.006,0.006,0.006,0.006,1.66,0.06,1.05,0.67,1.79,1.93,1.09,1.69,2.46,0.98,0.51,0.006,0.37,1.39
IL-15,6.49,29.94625,0.077,2.28,0.077,1.48,2.51,29.94625,4.46,6.55,5.07,4.58,5.65,6.76,29.94625,29.94625,2.06,2.99,7.69,4.77,7.28
IL-16,9.7,19.91,3.38,2.75,3.15,3.81,1.92,30.32,9.21,5.53,5.32,6.02,12.84,4.47,30.32,25.05,9.53,4.24,5.7,4.93,5.31
IL-17,0.67,0.067,0.067,0.067,0.067,0.067,0.067,9.714875,2.55,3.79,1.54,3.65,5.49,4.91,5.45,6.98,3.43,3.07,3.96,2.49,3.04
MCP-1,392.44,485.92,352.13,441.21,357.63,281.85,273.92,584.9,481.12,421.44,628.03,491.84,599.84,435.2,515.9,370.07,594.84,384.05,638.29,278.2,255.38
MCSF,3.98,3.96,0.11,0.011,0.011,0.78,0.33,1,0.011,1.44,3.07,4.84,3.27,4.46,10.975,5.79,0.011,0.42,3.71,10.975,0.011
MIG,52.82,61.49,0.65,0.65,0.65,6.56,0.65,102.92,8.95,0.65,12.12,41.91,16.47,22.73,102.92,42.52,14.46,6.98,16.37,13.68,6.5
MIP-1a,265.79,293.72,449.66,683.35,297.66,176.61,185.5,837.25,477.96,457.94,807.3,825.18,795.88,637.73,1369.1775,945.04,438.77,679.79,448.28,590.81,518.28
MIP-1b,31.58,20.72,29.8,182.09,22.3,24.63,22.56,96.95,57.18,84.1,110.87,52.44,175.23,82.96,138.55,69.84,82.13,90.68,95.96,58.6,45.67
MIP-1d,412.54,2103.54,974.99,295.5,636.84,222.26,106.7,3372.38,3626.19,2072.94,3550.19,3576.88,1369.3,1718.34,6597.23,4938.22,964.16,6506.11,1490.88,2693.2,4283.41
PDGF-BB,405.34,301.78,251.92,925.56,252.16,178.52,147.45,679.23,923.35,1034.79,408.58,354.96,965.34,516.01,1054.15,918.36,122.89,794.97,916.45,398.42,189.68
RANTES,13658.12,13018.39,10124.65,12101.56,12725.84,7485.99,9618.75,20048.47,15518.52,16014.14,15633.57,16462.59,17767.56,17847.49,15834.51,16454.13,11075.69,14132.55,14785.55,18984.77,9688.15
TIMP-1,36196.06,30031,29719.23,30004.79,29665.03,23548.29,32771.86,67519.5,54613.71,69356.13,54656.52,66941.16,67535.55,75636.46,67162.54,57530.51,69981.41,68078.43,63382.75,58314.36,55264.04
TIMP-2,16807.18,14549.52,21030.85,17160.06,22648.23,12303.62,3834.17,31342.64,35136.76,17134.22,39888.86,15431.94,37766.65,33742.03,30437.82,36639.79,34935.74,41696.69,24563.11,37235.17,33551.34
TNFa,0.97,6.21,0.023,0.39,0.23,0.023,1.51,9.17,4.02,6.92,4.57,8.31,8.23,6.88,16.68,11.83,6.74,7.31,8.38,5.24,4.46
TNFb,0.38,29.57,0.038,12.52,0.038,0.038,60.39625,60.39625,18.97,13.83,21.65,18.04,31.81,17.21,33.61,14.4,28.7,19.64,47.64,14.38,1.32
TNF RI,3007.92,2393.98,2361.1,2391.28,62.82,675.63,1500.81,5387.65,3737.2,3762.8,1884.23,2859.11,2827.34,3730.11,5816.45,6169.90625,3624.36,4209.23,2869.8,4708.42,2781.89
TNF RII,20988.41,18262.43,15498.28,16045.37,14228.18,12741.22,17776.81,17669.03,19501.25,18937.22,14489.34,20946.02,14170.09,18829.27,21196.68,24832.83875,16478.26,18581.76,17844.66,18602.35,14664.09
AR,208.49,205.07,277.02,387.23,499.39,280.6,249.82,683.94,91.37,130.07,145.73,428.65,171.79,376.23,225.49,380.34,281.85,410.7,383.93,187.64,500.4
BDNF,94.98,37.42,56.86,255.6875,20.78,34.23,21.99,126.2,120.09,210.3,54.66,68.43,156.2,64.09,255.6875,124.42,21.47,80.61,149.75,56.07,37.5
bFGF,1029.55,362.5,1057.35,545.84,954.74,468.15,219.41,262.33,341.31,228.47,322.74,475.03,650.98,835.25,641.45,455.21,446.66,819.27,1308.03,357.63,375.35
BMP-4,3458.18,3118.69,6023.54875,3105.94,1427.93,1785.61,1299.54,1847.26,912.93,1546.18,3436.5,5959.55,3362.33,3674.56,6023.54875,6023.54875,2572.73,2813.82,2092.97,1931.73,2577.24
BMP-5,5135.46,3087.51,4257.94,6366.68,5296.63,3558.75,2390.91,4341.19,2408.97,3734.33,9225.1,6204.83,3767.76,8984.49,5361.53,4154.85,6333.67,7225.06,8870.29,7387.17,4248.4
BMP-7,789.69,721.59,484.52,369.34,1926.89,585.21,767.16,3105.5625,365.92,691.19,466.82,976.18,696.67,1117.89,1676.09,1401.65,469.46,1676.07,1511.44,528.21,1748.27
b-NGF,219.29,380.41,215.32,159.61,1101.02,545.85,230.75,853.71,163.01,363,370.24,690.24,486.47,537.59,267.66,318.44,173.56,765.16,685.41,314.28,497.07
EGF,4.3,5.08,2.41,12.36,7.16,5.94,6.63,15.72875,2.41,4.05,4.13,10.19,4.52,6.32,6.14,11.15,4.1,7.55,7.28,2.92,15.18
EGF R,8698.56,9627.77,8936.59,7962.18,9684.13,6831.0275,8765.41,9695.82,9247.56,8762.95,7873.96,9655.71,9670.64,9576.83,9175.06,9430.34,8668.65,8441.93,8790.66,8500.89,6831.0275
EG-VEGF,444.54,221.07,169.47,144.9,197.03,131.15,229.83,541.11,208.4,240.27,348.46,343.37,184.25,308.62,292.31,342.06,494.51,221.67,258,181.26,215.45
FGF-4,14692.16,13132.54,18824.05,35717.83,39985.7,21649.02,18309.36,53342.23,14717.45,19645.04,19063.49,33454.72,18140.55,59350.52,22345.72,25125.53,32131.01,34467.24,31693.36,11334.46,35400.29
FGF-7,1497.49,928.55,3722.345,650.41,1626.27,1068.57,1018.02,3508.33,619.79,975.06,629.11,1817.82,1709.87,1911.37,1199.79,2093.09,3722.345,2156.61,2058.3,838.84,1986.67
GDF-15,851.31,547.98,793.82,783.32,872.65,758.79,836.87,2082.97,1128.26,1815.17,1234.91,1321.09,1129.01,1309.14,1882.09,2358.2,2379.48,2395.19,2360.57,2431.12,1635.76
GDNF,495.15,459.52,456.42,207.04,485.29,366.86,280.73,875.8625,240.84,321.43,312.41,529.52,440.6,638.93,578.84,483.41,217.44,710.64,634.42,407.04,522.56
GH,836.61,685.5,715.4,681.93,3960.92,3724.25,701.81,1324.74,353.24,601.35,3341.15,2381.6,4306.17,767.97,1118.91,780.37,831.68,1185.41,1593.39,884.02,704.52
HB-EGF,216.41,310.58,150.24,182.38,185.24,225.27,48.88,332.81,94.03,501.74,206.78,359.66,211.83,315.51,378.84,386.72,138.59,402.36,334.67,90.32,153.28
HGF,108.22,104.17,81.06,126.35,155.67,85.79,115.37,318.43,52.28,205.02,82.86,143.26,114.84,147.99,122.14,200.28,99.53,224.3,184.1,104.48,215.61
IGFBP-1,407.35,526.95,771.25,954.68,1087.07,615.91,438.65,1261.28,919.93,886.8,937.17,821.73,1150.66,684.38,1278.4,772.15,983.66,1018.81,920.68,1069.34,921.79
IGFBP-2,7292.09,11729.38,11140.27,10187.34,13127.58,6106.27,7480.59,13793.29,10294.71,8173.9,10416.3,12004.73,13495.78,13569.05,11862.9,13946.57,11309.81,13830.88,11652.18,9786.56,10198.59
IGFBP-3,64905.64,69631.21,76575.28,74353.77,58247.45,62425.18,62916.22,59123.8,41929.27,63963.53,43659.63,79416.97,87070.33,72179.36,63036.32,65384.03,75796.36,49696.2,67399.37,83834.88,66959.67
IGFBP-4,12746.51,11053.12,11073.32,15188.38,17428.65,12227.46,10487.77,19334.83,10532.33,12885.44,10781.13,17306.29,9464.92,15406.93,9069.91,16919.86,13817.87,16380.93,14326.91,16028.26,18269.93
IGFBP-6,97425.28,97935.64,100512.16,94765.18,98605.85,83155.13625,84047.98,112462.0063,100236.75,96932.65,92285.31,98651.32,99297.57,103237.37,109105.28,112462.0063,100883.45,103379.43,98865.53,99408.51,83155.13625
IGF-1,672.29,611.21,494.28,360.15,1003.97,501.87,759.96,2301.58,393.5,492.7,354.36,1143.61,554.35,1075.86,2035.34,1177.84,403.31,1373.69,1944.16,394.8,1627.53
Insulin,2183.2,2672.37,1822.13,2411.97,2612.16,1242.13,1457.46,3929.36,1399.68,2954.04,1625.8,3710.34,2204.24,4380.05,2203.25,3370.33,6154.49,2334.98,1702.93,1092.03,3611.39
MCSF R,20386.76,21625.14,18944.94,21411.37,22277.05,15667.635,17439.36,20692.76,20958.76,18866.22,21676.16,25022.19,21693.16,25153.18,21922.21,25400.095,20295.65,23090.83,19774.78,19441.43,19603.03
NGF R,443.11,621.1,243.61,314.5,514.26,276.67,347.93,374.35,102.81,189.82,161.6,631.68,312.71,332.82,177.9,428.94,201.45,187.02,268.43,260.74,794.1925
NT-3,1091.28,1974.32,1397.25,391.07,2689.99,1383.6,1038.3,3234.25,685.61,1279.09,1851.44,1719.87,3032.7,1637.68,2516.71,1772.54,846.92,2404.54,1517.12,1699.11,2220.78
NT-4,2231.14,1790.17,1078.83,956.62,1845.39,1154.65,1160.44,2589.58,721.09,1406.41,2171.23,2052.4,3118.12,2128.17,3316.85,2155.9,1277.9,2738.48,2068.57,2253.34,1439.03
OPG,451.37,803.45,382.72,569.01,927.87,321.28,570.59,981.74,290.12,1207.11,493.59,649.57,452.54,837.57,838.66,685.85,485.43,738.47,483.14,549.33,810.73
PDGF-AA,2939.37,1846.94,1907.42,7452.5,1870.46,1489.99,1138.22,2788.89,4448.8,4276.81,1702.42,2520.01,4051.79,3094.29,6408.82,5599.64,427.56,4212.92,4600.53,2214.74,1240.27
PIGF,137.2,166.61,319.02,121.12,221.38,105.52,92.58,347.71375,72.52,112.62,147.08,227.66,169.57,204.94,148.1,206.85,189.09,242.11,198.4,85.58,187.21
SCF,843.28,691.99,1365.66,460.83,937.86,603.8,1572.89,1853.35,1119.67,890.81,507.57,1109.64,724.54,1477.34,840.24,1184.98,724.29,1116.37,1782.6,411.88,1123.86
SCF R,13498.94,19402.63,16323.63,21315.95,17731.16,16724.91,15381.52,15463.61,12855.52,17421.64,15195.29,13816.76,20473.79,18483.53,16546.97,21475.28,18815.55,19588.93,14678.94,13554.67,14101.49
TGFa,465.55,574.88,397.47,747.42,433.07,341.89,227.83,1396.38,995.92,534.17,333.97,792.33,498.47,802.98,1252.58,1396.38,383.86,640.91,426.62,380.01,517.77
TGFb1,12877.3,8583.35,7065.52,4004.86,9181.36,5417.71,4328.6,19074.53,4000,9582.19,5559.24,14285.78,8300.71,11244.22,8289.41,8975.64,5073.63,12388.41,10993.36,4012.67,8510.67
TGFb3,1339.75,1379.46,2060.46,1525.99,2141.68,1136.68,835.68,3247.99,885.37,1370.27,1437.15,1644.02,1472.21,1821.69,2214.5,2208.44,1191.21,2608.17,1996.82,970.98,1674.24
VEGF,652.19,253.27,1704.43,614.15,343.84,691.67,219.9,388.84,252.35,589.41,373.06,843.33,1311.04,1108.96,656.67,1046.45,892.88,1055.07,591.24,330.49,638.32
VEGF R2,5127.1,6005.98,3602.26,6020.94,3236.9,4132.04,3908.22,3452.99,2748.34,4752.02,2812.42,4648.05,4668.69,3749.66,3285.72,4510.06,3312.25,3849.01,3566.79,2542.14,2206.5
VEGF R3,1206.43,1432.07,654.47,1067.31,992.61,1131.19,541.78,2063.2,598.5,1164.15,396.79,1020.92,814.54,1406.36,862.79,1082.83,1686.33,1422.76,1361.9,1410.44,1534.77
VEGF-D,376.38,735,341.4,261.06,535.84,189.79,387.97,1147.81625,275.77,323.68,274.73,708.62,1147.81625,626.41,410.94,644.72,289.99,555.08,376.88,192.29,575.84
6Ckine,1521.49,1023.82,834.26,23.299,2415.93,23.299,232.99,5064.11875,1233.16,1163.29,868.74,2237.97,430.96,378.9,5064.11875,3937.69,2747.89,2910.32,2448.81,2391.42,1895.86
Axl,388.2,484.88,240.91,179.3,145.95,8.29,82.9,438.81,566.17,523.91,469.21,928.11,812.58,530.33,1319.76,1004.68,668.29,731.29,665.88,617.01,241.79
BTC,1.852,44.52,70.44,1.852,297.81375,1.852,18.52,297.81375,81.61,63.11,82.19,77.82,94.49,116.09,297.81375,185.73,96.28,113.26,127.34,107.34,1.852
CCL28,177.26,279.02,296.33,8.796,134.58,130.67,119.85,548.96,550.83,540.09,547.05,435,521.76,398,975.32625,824.4,551.85,698.08,975.1,352.08,235.97
CTACK,10231.36,13752.5,10220.23,7105.81,3546.16,5340.5,234.364,13690.92,8986.65,13555.27,14267.77,15999.36,13415.14,9634.52,31285.52,22373.5,19420.22,20376.89,21175.53,18489.69,8575.91
CXCL16,8235.49,8541.18,8617.44,7846.56,8521.38,7718.58,6953.7,9898.07,9898.07,8111.46,8817.91,7697.86,8636.03,8075.91,8147.76,9051.73,8596.63,8456.5,8557.31,8756.99,6667.63
ENA-78,237.19,66.59,23.21,357.605,147.89,186.35,37.93,116.84,76.18,156.24,357.605,14.17,349.09,104.78,123.01,61.48,23.73,12.41,46.8,104.12,24.38
Eotaxin-3,33.04,321.71,143.81,0.772,7.72,0.772,0.772,551.51075,0.772,0.772,0.772,0.772,236.96,14.44,551.51075,215.77,0.772,0.772,0.772,0.772,0.772
GCP-2,54.97,64.47,32.67,0.014,90.07,0.014,0.014,101.58,0.014,0.014,39.86,27.1,97.7,4.59,66.77,47.6,1.9,0.14,28.82,3.48,6.61
GRO,1.49,25.8,22.5,0.093,9.99,0.93,2.11,104.3425,21.5,15.94,38.03,13.92,90.86,6.23,104.3425,92.65,57.85,41.48,10.93,24.36,7.93
HCC-1,3386.28,3774.01,3405.56,3986.1275,3353.4,2701.8,2683.71,3213.19,3044.61,3272.96,3328.3,3255.24,3563.24,3343.23,3526.85,3283,3203.43,3077.2,2970.7,3098.12,2518.8075
HCC-4,4441.83,4795.13,3154.39,2536.24,4340.42,3698.99,4035.81,3205.82,4268.96,3971.43,4697.59,4609.21,3907.51,4024.54,3595.59,3477.16,2975.74,4146.89,3495.26,4644.66,3191.9
IL-9,42320.72,53179.38,52326.42,13168.76,37457.78,31738.71,32519.99,46383.02,48772.47,46944.17,55278.97,52715.95,56070.25,52950.07,58121.2,55514.9,56241.61,53540.06,48972.61,52254.3,29933.69
IL-17F,152.55,43.05,417.97,71.41,138.82,4.305,4.305,1877.60625,1877.60625,128.14,77.04,1877.60625,112.23,289.06,206.26,237.66,484.8,577.13,198.71,810.19,1877.60625
IL-18 BPa,2191.78,1817.92,4289.09,4642.237,4642.237,2292.36,1890.7,181.792,181.792,181.792,181.792,181.792,181.792,181.792,181.792,181.792,181.792,181.792,181.792,181.792,181.792
IL-28A,2.32,12.76,30.04,0.183,0.183,4.15,7.93,0.183,0.183,5.53,14.42,6.64,12.6,4.67,30.810125,30.810125,2.49,10.98,1.83,8.63,0.183
IL-29,347.72,36.49,171.09,1.339,1.339,15.33,1.339,183.37,1.339,1.339,69.66,14.84,309.8,13.39,433.3915,113.62,1.339,112.97,54.78,1.339,1.339
IL-31,15.032,162.89,396.3,299.1,197.36,186.02,15.032,1389.41875,1389.41875,186.77,165.89,723.19,15.032,462.29,270.16,261.27,301.35,332.5,150.32,907.17,644.75
IP-10,866.33,1163.2,317.33,448.59,253.01,348.61,356.12,1549.75,1458.69,1209.25,1450.31,2483.28,1296.21,1463.69,1664.19,2583.75625,1138.53,1123.38,1449.92,1758.59,833.94
I-TAC,430.47,148.34,161.85,4.936,4.936,4.936,4.936,116.4,207.47,164.35,271.29,392.87,273.25,263.03,526.90375,410.86,102.61,161.87,215.61,151.57,98.96
LIF,97.32,138.51,91.19,34.28,51.72,52.29,72.52,144.7,159.58,152.7,133.98,173.02,139.57,130.28,248.46,189.72,124.22,150.58,112.34,139.45,54.58
LIGHT,219.97,512.97,332.45,43.32,212.97,141.37,221.05,321.53,317.02,357.76,503.61,440.96,373.95,402.76,661.67,557.54,348.07,358.14,361.39,314.72,254.41
Lymphotactin,2450.33925,4.378,4.378,1187.64,4.378,4.378,4.378,2450.33925,4.378,4.378,914.47,479.8,223.2,4.378,2450.33925,756.02,4.378,43.78,95.18,4.378,4.378
MCP-2,12.34,17.98,6.45,29,2.45,0.027,8.42,46.43375,0.4,6.89,46.43375,5.9,8.76,3.37,27.89,7.99,1.07,4.11,6.78,12.3,0.27
MCP-3,17.76,10.64,49.67,0.343,19.22,10,10.83,49.67,23.51,4.83,4.74,5.05,8.86,0.343,26.48,22.5,0.343,8.79,9.37,3.43,0.343
MCP-4,357.66,153.22,196.61,164.92,712.165,3.123,31.23,282.88,315.08,384.16,141.12,591.95,261.3,376.18,559.9,514.87,156.99,207.66,332.35,180.55,156.28
MDC,576.26,512.57,427.11,639.04,190.68,84.73,240.11,100.47,789.16,2035.97,1214.88,2124.97,1278.47,552.86,581.78,574.88,711.3,793.64,2259.64,2442.1925,196.18
MIF,1225.89,791.14,619.12,894.49,291.08,275.07,428.08,1564,1401.84,1456.27,1204.67,2080.48,2028.05,1253.74,1897.76,1638.63,1224.51,956.1,796.7,751.39,607.61
MIP-3a,0.029,0.029,0.029,0.029,0.029,0.029,0.029,28.18,0.29,33.45,3.21,4.03,0.61,11.81,22.02,13.03,0.029,42.71,18.51,44.91,0.029
MIP-3b,430.22,293.28,424.65,307.01,258.53,304.49,1236.75625,1236.75625,658.89,1184.14,173.88,726.19,141.75,552.2,306.93,548.07,481.97,550.87,292.42,630.35,1236.75625
MPIF-1,1408.31,714.86,824.93,177.31,1491.23,1137.64,473.89,1777.06,1405.09,1548.8,1797.14,962.31,1512.37,643.38,1694.69,1071.86,2161.59,985.34,1046.27,1966.33,723.33
MSP,6281.69,6422.9,233.81,3134.99,728.35,3983.72,2052.49,2154.47,377.44,1573.39,5841.13,6927.63,410.35,8694.67,2455.63,607.12,1267.06,408.38,2726.34,497.82,880.79
NAP-2,3169.71,3423.6,3164.05,3100.84,2729.82,2957.64,2790.33,2588.71,2937.38,2941.68,3092.91,3219.89,3311.79,2907.98,3137.72,3207.92,2931.61,3005.51,2691.62,2902.95,2438.79
OPN,2935.86,2850.79,18643.02,2222.55,8880.93,1807.57,975.28,9178.96,10232.04,15742.21,3292.95,4022.48,22913.66,2696.99,27419.05,27227.53,26188.94,21225.93,6217.63,21838.49,11647.37
PARC,3168.3,3454.08,3529.9,2939.93,3205.29,3396.5,3876.64,3737.78,4181.33,4382.29,5148.08,4242.57,3915.17,3613.48,4775.31,4485.67,5172.93,4363.02,3281.49,3811.56,2849.33
PF4,55786.71,62174.1,62091.98,30523.33625,61495,49101.82,58322.68,69831.58,49590.3,50347.76,66880.69,63824.84,58826.06,69260.19,58444.83,55666,80325.18,64703.28,48454.71,65391.18,56132.14
SDF-1a,4.978,537.94,272.1,4.978,4.978,135.51,84.61,953.815,172.01,266.05,396.56,235.93,275.68,246.3,953.815,898.67,306.26,177.11,110.07,82.03,49.78
TARC,266.63,102.05,185.57,525.61,11.93,116.33,27.78,670.1,388.53,496.41,256.99,105.76,303.67,395.85,443.24,686.55,209.18,137.81,134.47,337.43,46.8
TECK,0.251,0.251,316.48,0.251,0.251,0.251,0.251,563.49225,0.251,2.51,221.45,170.13,72.99,237.84,308.12,10.47,17.99,106.32,14.7,0.251,0.251
TSLP,207.95,30.06,144.56,411.28,0.295,0.295,0.295,3064.64375,3064.64375,931.31,190.23,3064.64375,235.88,976.09,272.49,392.16,2013.17,665.17,2.95,1106.47,2013.44
