photometry,cell,date,JQ-1,CC-90009,viability,predicted_viability,Difference
0.0075833333333333,Karpas299,20250120,256000.0,256000.0,0.0077216801018243,-0.0013887963183134566,0.009110476420137757
0.0080833333333333,Karpas299,20250120,64000.0,256000.0,0.0082308018667798,0.007316686862109956,0.0009141150046698444
0.0070833333333333,Karpas299,20250120,16000.0,256000.0,0.0072125583368688,0.016677790954892857,-0.009465232618024056
0.0080833333333333,Karpas299,20250120,4000.0,256000.0,0.0082308018667798,0.02599329954775975,-0.01776249768097995
0.0095833333333333,Karpas299,20250120,1000.0,256000.0,0.0097581671616461,0.034575311815669973,-0.024817144654023876
0.0065833333333333,Karpas299,20250120,250.0,256000.0,0.0067034365719134,0.04193773160831771,-0.03523429503640431
0.0075833333333333,Karpas299,20250120,62.5,256000.0,0.0077216801018243,0.047877468259624245,-0.040155788157799945
0.0115833333333333,Karpas299,20250120,15.625,256000.0,0.0117946542214679,0.05243635953484049,-0.04064170531337259
0.0120833333333333,Karpas299,20250120,0.0,256000.0,0.0123037759864234,0.06359974810571178,-0.05129597211928838
0.0065833333333333,Karpas299,20250120,256000.0,256000.0,0.0067034365719134,-0.0013887963183134566,0.008092232890226855
0.0065833333333333,Karpas299,20250120,64000.0,256000.0,0.0067034365719134,0.007316686862109956,-0.0006132502901965561
0.0065833333333333,Karpas299,20250120,16000.0,256000.0,0.0067034365719134,0.016677790954892857,-0.009974354382979458
0.0050833333333333,Karpas299,20250120,4000.0,256000.0,0.0051760712770471,0.02599329954775975,-0.020817228270712654
0.0055833333333333,Karpas299,20250120,1000.0,256000.0,0.0056851930420025,0.034575311815669973,-0.028890118773667473
0.0045833333333333,Karpas299,20250120,250.0,256000.0,0.0046669495120916,0.04193773160831771,-0.037270782096226106
0.0065833333333333,Karpas299,20250120,62.5,256000.0,0.0067034365719134,0.047877468259624245,-0.041174031687710846
0.0110833333333333,Karpas299,20250120,15.625,256000.0,0.0112855324565125,0.05243635953484049,-0.04115082707832799
0.0100833333333333,Karpas299,20250120,0.0,256000.0,0.0102672889266016,0.06359974810571178,-0.053332459179110184
0.0065833333333333,Karpas299,20250120,256000.0,256000.0,0.0067034365719134,-0.0013887963183134566,0.008092232890226855
0.0065833333333333,Karpas299,20250120,64000.0,256000.0,0.0067034365719134,0.007316686862109956,-0.0006132502901965561
0.0075833333333333,Karpas299,20250120,16000.0,256000.0,0.0077216801018243,0.016677790954892857,-0.008956110853068557
0.0060833333333333,Karpas299,20250120,4000.0,256000.0,0.0061943148069579,0.02599329954775975,-0.019798984740801853
0.0055833333333333,Karpas299,20250120,1000.0,256000.0,0.0056851930420025,0.034575311815669973,-0.028890118773667473
0.0085833333333333,Karpas299,20250120,250.0,256000.0,0.0087399236317352,0.04193773160831771,-0.033197807976582505
0.0095833333333333,Karpas299,20250120,62.5,256000.0,0.0097581671616461,0.047877468259624245,-0.03811930109797815
0.0125833333333333,Karpas299,20250120,15.625,256000.0,0.0128128977513788,0.05243635953484049,-0.0396234617834617
0.0170833333333333,Karpas299,20250120,0.0,256000.0,0.0173949936359779,0.06359974810571178,-0.046204754469733884
0.0065833333333333,Karpas299,20250120,256000.0,64000.0,0.0067034365719134,-0.0023030734486617632,0.009006510020575162
0.0105833333333333,Karpas299,20250120,64000.0,64000.0,0.010776410691557,0.012133433119091874,-0.001357022427534875
0.0095833333333333,Karpas299,20250120,16000.0,64000.0,0.0097581671616461,0.027657171194973684,-0.017899004033327587
0.0145833333333333,Karpas299,20250120,4000.0,64000.0,0.0148493848112006,0.04310529718587919,-0.028255912374678588
0.0165833333333333,Karpas299,20250120,1000.0,64000.0,0.0168858718710224,0.05733704904875536,-0.04045117717773296
0.0405833333333333,Karpas299,20250120,250.0,64000.0,0.0413237165888841,0.0695463221572411,-0.028222605568357005
0.0625833333333333,Karpas299,20250120,62.5,64000.0,0.063725074246924,0.0793963265050921,-0.015671252258168095
0.0660833333333333,Karpas299,20250120,15.625,64000.0,0.0672889266016122,0.08695644263791469,-0.019667516036302485
0.0720833333333333,Karpas299,20250120,0.0,64000.0,0.0733983877810776,0.10546895125824984,-0.03207056347717224
0.0070833333333333,Karpas299,20250120,256000.0,64000.0,0.0072125583368688,-0.0023030734486617632,0.009515631785530564
0.0120833333333333,Karpas299,20250120,64000.0,64000.0,0.0123037759864234,0.012133433119091874,0.00017034286733152645
0.0115833333333333,Karpas299,20250120,16000.0,64000.0,0.0117946542214679,0.027657171194973684,-0.015862516973505783
0.0135833333333333,Karpas299,20250120,4000.0,64000.0,0.0138311412812897,0.04310529718587919,-0.02927415590458949
0.0205833333333333,Karpas299,20250120,1000.0,64000.0,0.0209588459906661,0.05733704904875536,-0.03637820305808926
0.0385833333333333,Karpas299,20250120,250.0,64000.0,0.0392872295290623,0.0695463221572411,-0.030259092628178802
0.0625833333333333,Karpas299,20250120,62.5,64000.0,0.063725074246924,0.0793963265050921,-0.015671252258168095
0.0735833333333333,Karpas299,20250120,15.625,64000.0,0.074925753075944,0.08695644263791469,-0.01203068956197069
0.0755833333333333,Karpas299,20250120,0.0,64000.0,0.0769622401357658,0.10546895125824984,-0.02850671112248404
0.0055833333333333,Karpas299,20250120,256000.0,64000.0,0.0056851930420025,-0.0023030734486617632,0.007988266490664264
0.0095833333333333,Karpas299,20250120,64000.0,64000.0,0.0097581671616461,0.012133433119091874,-0.002375265957445775
0.0105833333333333,Karpas299,20250120,16000.0,64000.0,0.010776410691557,0.027657171194973684,-0.016880760503416685
0.0125833333333333,Karpas299,20250120,4000.0,64000.0,0.0128128977513788,0.04310529718587919,-0.030292399434500388
0.0195833333333333,Karpas299,20250120,1000.0,64000.0,0.0199406024607552,0.05733704904875536,-0.03739644658800016
0.0440833333333333,Karpas299,20250120,250.0,64000.0,0.0448875689435723,0.0695463221572411,-0.024658753213668803
0.0700833333333333,Karpas299,20250120,62.5,64000.0,0.0713619007212558,0.0793963265050921,-0.0080344257838363
0.0845833333333333,Karpas299,20250120,15.625,64000.0,0.0861264319049639,0.08695644263791469,-0.0008300107329507894
0.1100833333333333,Karpas299,20250120,0.0,64000.0,0.1120916419176919,0.10546895125824984,0.006622690659442057
0.0035833333333333,Karpas299,20250120,256000.0,16000.0,0.0036487059821807,-0.0036737592664786156,0.007322465248659316
0.0135833333333333,Karpas299,20250120,64000.0,16000.0,0.0138311412812897,0.019354707241909574,-0.005523565960619875
0.0315833333333333,Karpas299,20250120,16000.0,16000.0,0.032159524819686,0.04411747659249077,-0.011957951772804766
0.0470833333333333,Karpas299,20250120,4000.0,16000.0,0.047942299533305,0.0687596329430824,-0.020817333409777407
0.0645833333333333,Karpas299,20250120,1000.0,16000.0,0.0657615613067458,0.0914614839478114,-0.02569992264106559
0.1135833333333333,Karpas299,20250120,250.0,16000.0,0.1156554942723801,0.11093716773259532,0.004718326539784781
0.1890833333333333,Karpas299,20250120,62.5,16000.0,0.1925328807806533,0.1266494520146273,0.06588342876602601
0.1955833333333333,Karpas299,20250120,15.625,16000.0,0.1991514637250742,0.13870900952233534,0.06044245420273886
0.1435833333333333,Karpas299,20250120,0.0,16000.0,0.1462028001697072,0.16823933133175983,-0.022036531162052647
0.0055833333333333,Karpas299,20250120,256000.0,16000.0,0.0056851930420025,-0.0036737592664786156,0.009358952308481116
0.0145833333333333,Karpas299,20250120,64000.0,16000.0,0.0148493848112006,0.019354707241909574,-0.0045053224307089745
0.0315833333333333,Karpas299,20250120,16000.0,16000.0,0.032159524819686,0.04411747659249077,-0.011957951772804766
0.0455833333333333,Karpas299,20250120,4000.0,16000.0,0.0464149342384387,0.0687596329430824,-0.022344698704643708
0.0645833333333333,Karpas299,20250120,1000.0,16000.0,0.0657615613067458,0.0914614839478114,-0.02569992264106559
0.1070833333333333,Karpas299,20250120,250.0,16000.0,0.1090369113279592,0.11093716773259532,-0.0019002564046361192
0.1745833333333333,Karpas299,20250120,62.5,16000.0,0.1777683495969452,0.1266494520146273,0.05111889758231791
0.2195833333333333,Karpas299,20250120,15.625,16000.0,0.2235893084429359,0.13870900952233534,0.08488029892060056
0.1655833333333333,Karpas299,20250120,0.0,16000.0,0.1686041578277471,0.16823933133175983,0.0003648264959872638
0.0070833333333333,Karpas299,20250120,256000.0,16000.0,0.0072125583368688,-0.0036737592664786156,0.010886317603347417
0.0150833333333333,Karpas299,20250120,64000.0,16000.0,0.0153585065761561,0.019354707241909574,-0.003996200665753475
0.0315833333333333,Karpas299,20250120,16000.0,16000.0,0.032159524819686,0.04411747659249077,-0.011957951772804766
0.0465833333333333,Karpas299,20250120,4000.0,16000.0,0.0474331777683496,0.0687596329430824,-0.021326455174732806
0.0655833333333333,Karpas299,20250120,1000.0,16000.0,0.0667798048366567,0.0914614839478114,-0.024681679111154695
0.1145833333333333,Karpas299,20250120,250.0,16000.0,0.116673737802291,0.11093716773259532,0.005736570069695676
0.1755833333333333,Karpas299,20250120,62.5,16000.0,0.1787865931268561,0.1266494520146273,0.05213714111222881
0.2280833333333333,Karpas299,20250120,15.625,16000.0,0.2322443784471786,0.13870900952233534,0.09353536892484327
0.1630833333333333,Karpas299,20250120,0.0,16000.0,0.1660585490029699,0.16823933133175983,-0.002180782328789932
0.0065833333333333,Karpas299,20250120,256000.0,4000.0,0.0067034365719134,-0.005728505100099035,0.012431941672012434
0.0145833333333333,Karpas299,20250120,64000.0,4000.0,0.0148493848112006,0.030179859676127796,-0.015330474864927196
0.0405833333333333,Karpas299,20250120,16000.0,4000.0,0.0413237165888841,0.0687925286693647,-0.027468812080480597
0.0670833333333333,Karpas299,20250120,4000.0,4000.0,0.0683071701315231,0.1072171254086891,-0.03890995527716601
0.0915833333333333,Karpas299,20250120,1000.0,4000.0,0.0932541366143402,0.14261619753867305,-0.049362060924332846
0.1545833333333333,Karpas299,20250120,250.0,4000.0,0.1574034789987272,0.17298469634234825,-0.015581217343621057
0.2505833333333333,Karpas299,20250120,62.5,4000.0,0.2551548578701739,0.19748491372597077,0.05766994414420312
0.3100833333333333,Karpas299,20250120,15.625,4000.0,0.3157403478998727,0.21628942204479118,0.09945092585508153
0.2800833333333333,Karpas299,20250120,0.0,4000.0,0.2851930420025456,0.2623361515178946,0.022856890484651005
0.0065833333333333,Karpas299,20250120,256000.0,4000.0,0.0067034365719134,-0.005728505100099035,0.012431941672012434
0.0175833333333333,Karpas299,20250120,64000.0,4000.0,0.0179041154009333,0.030179859676127796,-0.012275744275194497
0.0425833333333333,Karpas299,20250120,16000.0,4000.0,0.0433602036487059,0.0687925286693647,-0.025432325020658793
0.0655833333333333,Karpas299,20250120,4000.0,4000.0,0.0667798048366567,0.1072171254086891,-0.040437320572032406
0.0925833333333333,Karpas299,20250120,1000.0,4000.0,0.0942723801442511,0.14261619753867305,-0.04834381739442195
0.1630833333333333,Karpas299,20250120,250.0,4000.0,0.1660585490029699,0.17298469634234825,-0.006926147339378352
0.2620833333333333,Karpas299,20250120,62.5,4000.0,0.2668646584641493,0.19748491372597077,0.06937974473817854
0.3195833333333333,Karpas299,20250120,15.625,4000.0,0.3254136614340263,0.21628942204479118,0.1091242393892351
0.2750833333333333,Karpas299,20250120,0.0,4000.0,0.2801018243529911,0.2623361515178946,0.017765672835096502
0.0055833333333333,Karpas299,20250120,256000.0,4000.0,0.0056851930420025,-0.005728505100099035,0.011413698142101535
0.0155833333333333,Karpas299,20250120,64000.0,4000.0,0.0158676283411115,0.030179859676127796,-0.014312231335016298
0.0445833333333333,Karpas299,20250120,16000.0,4000.0,0.0453966907085277,0.0687925286693647,-0.023395837960836996
0.0725833333333333,Karpas299,20250120,4000.0,4000.0,0.073907509546033,0.1072171254086891,-0.0333096158626561
0.1015833333333333,Karpas299,20250120,1000.0,4000.0,0.1034365719134493,0.14261619753867305,-0.03917962562522376
0.1820833333333333,Karpas299,20250120,250.0,4000.0,0.185405176071277,0.17298469634234825,0.012420479728928735
0.3085833333333333,Karpas299,20250120,62.5,4000.0,0.3142129826050063,0.19748491372597077,0.11672806887903553
0.3690833333333333,Karpas299,20250120,15.625,4000.0,0.375816716164616,0.21628942204479118,0.1595272941198248
0.3660833333333333,Karpas299,20250120,0.0,4000.0,0.3727619855748833,0.2623361515178946,0.11042583405698875
0.0055833333333333,Karpas299,20250120,256000.0,1000.0,0.0056851930420025,-0.00880827681626295,0.01449346985826545
0.0180833333333333,Karpas299,20250120,64000.0,1000.0,0.0184132371658888,0.04640522329267216,-0.027991986126783358
0.0600833333333333,Karpas299,20250120,16000.0,1000.0,0.0611794654221467,0.10577692169637731,-0.04459745627423061
0.0875833333333333,Karpas299,20250120,4000.0,1000.0,0.0891811624946966,0.1648594360206459,-0.0756782735259493
0.1285833333333333,Karpas299,20250120,1000.0,1000.0,0.1309291472210437,0.21928983643250366,-0.08836068921145995
0.2175833333333333,Karpas299,20250120,250.0,1000.0,0.2215528213831141,0.265985115442118,-0.044432294059003896
0.3540833333333333,Karpas299,20250120,62.5,1000.0,0.3605430632159525,0.3036571944579568,0.05688586875799567
0.3925833333333333,Karpas299,20250120,15.625,1000.0,0.3997454391175223,0.33257142457063094,0.06717401454689137
0.2300833333333333,Karpas299,20250120,0.0,1000.0,0.2342808655070004,0.4033738996658629,-0.1690930341588625
0.0065833333333333,Karpas299,20250120,256000.0,1000.0,0.0067034365719134,-0.00880827681626295,0.015511713388176349
0.0190833333333333,Karpas299,20250120,64000.0,1000.0,0.0194314806957997,0.04640522329267216,-0.02697374259687246
0.0535833333333333,Karpas299,20250120,16000.0,1000.0,0.0545608824777259,0.10577692169637731,-0.051216039218651414
0.0825833333333333,Karpas299,20250120,4000.0,1000.0,0.0840899448451421,0.1648594360206459,-0.0807694911755038
0.1185833333333333,Karpas299,20250120,1000.0,1000.0,0.1207467119219346,0.21928983643250366,-0.09854312451056906
0.2075833333333333,Karpas299,20250120,250.0,1000.0,0.2113703860840051,0.265985115442118,-0.0546147293581129
0.3590833333333333,Karpas299,20250120,62.5,1000.0,0.365634280865507,0.3036571944579568,0.061977086407550175
0.3910833333333333,Karpas299,20250120,15.625,1000.0,0.3982180738226559,0.33257142457063094,0.06564664925202496
0.2340833333333333,Karpas299,20250120,0.0,1000.0,0.238353839626644,0.4033738996658629,-0.1650200600392189
0.0055833333333333,Karpas299,20250120,256000.0,1000.0,0.0056851930420025,-0.00880827681626295,0.01449346985826545
0.0195833333333333,Karpas299,20250120,64000.0,1000.0,0.0199406024607552,0.04640522329267216,-0.02646462083191696
0.0545833333333333,Karpas299,20250120,16000.0,1000.0,0.0555791260076368,0.10577692169637731,-0.05019779568874051
0.0835833333333333,Karpas299,20250120,4000.0,1000.0,0.085108188375053,0.1648594360206459,-0.0797512476455929
0.1210833333333333,Karpas299,20250120,1000.0,1000.0,0.1232923207467119,0.21928983643250366,-0.09599751568579176
0.2235833333333333,Karpas299,20250120,250.0,1000.0,0.2276622825625796,0.265985115442118,-0.038322832879538415
0.3595833333333333,Karpas299,20250120,62.5,1000.0,0.3661434026304624,0.3036571944579568,0.06248620817250561
0.4165833333333333,Karpas299,20250120,15.625,1000.0,0.424183283835384,0.33257142457063094,0.09161185926475307
0.2055833333333333,Karpas299,20250120,0.0,1000.0,0.2093338990241832,0.4033738996658629,-0.1940400006416797
0.0055833333333333,Karpas299,20250120,256000.0,250.0,0.0056851930420025,-0.013423464403964358,0.01910865744596686
0.0225833333333333,Karpas299,20250120,64000.0,250.0,0.0229953330504879,0.07071971919378162,-0.04772438614329372
0.0735833333333333,Karpas299,20250120,16000.0,250.0,0.074925753075944,0.16119983201829968,-0.08627407894235568
0.1180833333333333,Karpas299,20250120,4000.0,250.0,0.1202375901569792,0.2512392397789913,-0.1310016496220121
0.1735833333333333,Karpas299,20250120,1000.0,250.0,0.1767501060670343,0.33418901050748406,-0.15743890444044975
0.3135833333333333,Karpas299,20250120,250.0,250.0,0.3193042002545608,0.40535076310606866,-0.08604656285150786
0.4530833333333333,Karpas299,20250120,62.5,250.0,0.461349172677132,0.46276151690513023,-0.0014123442279982412
0.5155833333333333,Karpas299,20250120,15.625,250.0,0.5249893932965634,0.5068256564390864,0.018163736857476964
0.4180833333333334,Karpas299,20250120,0.0,250.0,0.4257106491302504,0.6147258194310873,-0.18901517030083687
0.0065833333333333,Karpas299,20250120,256000.0,250.0,0.0067034365719134,-0.013423464403964358,0.020126900975877757
0.0245833333333333,Karpas299,20250120,64000.0,250.0,0.0250318201103097,0.07071971919378162,-0.045687899083471914
0.0810833333333333,Karpas299,20250120,16000.0,250.0,0.0825625795502757,0.16119983201829968,-0.07863725246802399
0.1325833333333333,Karpas299,20250120,4000.0,250.0,0.1350021213406873,0.2512392397789913,-0.11623711843830403
0.1800833333333333,Karpas299,20250120,1000.0,250.0,0.1833686890114552,0.33418901050748406,-0.15082032149602886
0.3235833333333333,Karpas299,20250120,250.0,250.0,0.3294866355536699,0.40535076310606866,-0.07586412755239874
0.4540833333333332,Karpas299,20250120,62.5,250.0,0.4623674162070427,0.46276151690513023,-0.00039410069808754056
0.5465833333333334,Karpas299,20250120,15.625,250.0,0.5565549427238016,0.5068256564390864,0.04972928628471518
0.4860833333333332,Karpas299,20250120,0.0,250.0,0.4949512091641917,0.6147258194310873,-0.11977461026689556
0.0055833333333333,Karpas299,20250120,256000.0,250.0,0.0056851930420025,-0.013423464403964358,0.01910865744596686
0.0235833333333333,Karpas299,20250120,64000.0,250.0,0.0240135765803988,0.07071971919378162,-0.046706142613382816
0.0855833333333333,Karpas299,20250120,16000.0,250.0,0.0871446754348748,0.16119983201829968,-0.07405515658342489
0.1340833333333333,Karpas299,20250120,4000.0,250.0,0.1365294866355536,0.2512392397789913,-0.11470975314343773
0.1895833333333333,Karpas299,20250120,1000.0,250.0,0.1930420025456088,0.33418901050748406,-0.14114700796187526
0.3580833333333333,Karpas299,20250120,250.0,250.0,0.364616037335596,0.40535076310606866,-0.04073472577047266
0.5400833333333332,Karpas299,20250120,62.5,250.0,0.5499363597793805,0.46276151690513023,0.08717484287425026
0.5595833333333333,Karpas299,20250120,15.625,250.0,0.5697921086126432,0.5068256564390864,0.06296645217355679
0.5785833333333332,Karpas299,20250120,0.0,250.0,0.5891387356809503,0.6147258194310873,-0.025587083750136963
0.0075833333333333,Karpas299,20250120,256000.0,62.5,0.0077216801018243,-0.02033740983686605,0.02805908993869035
0.0345833333333333,Karpas299,20250120,64000.0,62.5,0.0352142554094187,0.10714491203681054,-0.07193065662739184
0.2155833333333333,Karpas299,20250120,16000.0,62.5,0.2195163343232923,0.24422808827368836,-0.02471175395039607
0.2790833333333333,Karpas299,20250120,4000.0,62.5,0.2841747984726347,0.3806435680627269,-0.09646876959009221
0.3935833333333333,Karpas299,20250120,1000.0,62.5,0.4007636826474332,0.5063177928687476,-0.10555411022131439
0.5710833333333334,Karpas299,20250120,250.0,62.5,0.5815019092066187,0.6141324138752043,-0.032630504668585636
0.6930833333333333,Karpas299,20250120,62.5,62.5,0.7057276198557488,0.7011133894205415,0.004614230435207367
0.7900833333333332,Karpas299,20250120,15.625,62.5,0.8044972422571064,0.7678733880201769,0.03662385423692949
0.7445833333333334,Karpas299,20250120,0.0,62.5,0.7581671616461604,0.9313490579511741,-0.17318189630501368
0.0065833333333333,Karpas299,20250120,256000.0,62.5,0.0067034365719134,-0.02033740983686605,0.027040846408779448
0.0350833333333333,Karpas299,20250120,64000.0,62.5,0.0357233771743741,0.10714491203681054,-0.07142153486243644
0.1965833333333333,Karpas299,20250120,16000.0,62.5,0.2001697072549851,0.24422808827368836,-0.04405838101870327
0.2695833333333333,Karpas299,20250120,4000.0,62.5,0.2745014849384811,0.3806435680627269,-0.10614208312424583
0.3560833333333333,Karpas299,20250120,1000.0,62.5,0.3625795502757743,0.5063177928687476,-0.14373824259297324
0.5290833333333333,Karpas299,20250120,250.0,62.5,0.5387356809503606,0.6141324138752043,-0.07539673292484372
0.6825833333333333,Karpas299,20250120,62.5,62.5,0.6950360627916844,0.7011133894205415,-0.0060773266288570715
0.7140833333333332,Karpas299,20250120,15.625,62.5,0.7271107339838777,0.7678733880201769,-0.040762654036299195
0.7285833333333334,Karpas299,20250120,0.0,62.5,0.741875265167586,0.9313490579511741,-0.1894737927835881
0.0065833333333333,Karpas299,20250120,256000.0,62.5,0.0067034365719134,-0.02033740983686605,0.027040846408779448
0.0310833333333333,Karpas299,20250120,64000.0,62.5,0.0316504030547305,0.10714491203681054,-0.07549450898208004
0.2085833333333333,Karpas299,20250120,16000.0,62.5,0.212388629613916,0.24422808827368836,-0.03183945865977236
0.2700833333333333,Karpas299,20250120,4000.0,62.5,0.2750106067034366,0.3806435680627269,-0.10563296135929034
0.3755833333333333,Karpas299,20250120,1000.0,62.5,0.3824352991090369,0.5063177928687476,-0.12388249375971067
0.5600833333333333,Karpas299,20250120,250.0,62.5,0.5703012303775986,0.6141324138752043,-0.04383118349760573
0.6605833333333333,Karpas299,20250120,62.5,62.5,0.6726347051336444,0.7011133894205415,-0.028478684286897038
0.7520833333333332,Karpas299,20250120,15.625,62.5,0.765803988120492,0.7678733880201769,-0.0020693998996849094
0.7945833333333334,Karpas299,20250120,0.0,62.5,0.8090793381417056,0.9313490579511741,-0.12226971980946844
0.0065833333333333,Karpas299,20250120,256000.0,0.0,0.0067034365719134,-12.428756505695276,12.435459942267189
0.0355833333333333,Karpas299,20250120,64000.0,0.0,0.0362324989393296,65.47923423934225,-65.44300174040292
0.3945833333333333,Karpas299,20250120,16000.0,0.0,0.4017819261773441,149.25457397739467,-148.85279205121734
0.4960833333333332,Karpas299,20250120,4000.0,0.0,0.5051336444633008,232.6218658550521,-232.1167322105888
0.5745833333333334,Karpas299,20250120,1000.0,0.0,0.5850657615613069,309.4248782192231,-308.8398124576618
0.7615833333333333,Karpas299,20250120,250.0,0.0,0.7754773016546457,375.31339022698234,-374.5379129253277
0.9060833333333334,Karpas299,20250120,62.5,0.0,0.9226134917267712,428.4698823443393,-427.5472688526125
0.9730833333333332,Karpas299,20250120,15.625,0.0,0.990835808230802,469.2687733324793,-468.2779375242485
0.9765833333333334,Karpas299,20250120,0.0,0.0,0.99439966058549,569.1732996451018,-568.1788999845163
0.0065833333333333,Karpas299,20250120,256000.0,0.0,0.0067034365719134,-12.428756505695276,12.435459942267189
0.0375833333333333,Karpas299,20250120,64000.0,0.0,0.0382689859991514,65.47923423934225,-65.4409652533431
0.3980833333333334,Karpas299,20250120,16000.0,0.0,0.4053457785320323,149.25457397739467,-148.84922819886265
0.5350833333333334,Karpas299,20250120,4000.0,0.0,0.544845142129826,232.6218658550521,-232.0770207129223
0.6310833333333332,Karpas299,20250120,1000.0,0.0,0.6425965210012727,309.4248782192231,-308.7822816982218
0.8200833333333333,Karpas299,20250120,250.0,0.0,0.8350445481544335,375.31339022698234,-374.4783456788279
0.9415833333333332,Karpas299,20250120,62.5,0.0,0.9587611370386084,428.4698823443393,-427.5111212073007
0.9590833333333332,Karpas299,20250120,15.625,0.0,0.9765803988120492,469.2687733324793,-468.29219293366725
0.9815833333333333,Karpas299,20250120,0.0,0.0,0.9994908782350445,569.1732996451018,-568.1738087668667
0.0080833333333333,Karpas299,20250120,256000.0,0.0,0.0082308018667798,-12.428756505695276,12.436987307562056
0.0415833333333333,Karpas299,20250120,64000.0,0.0,0.042341960118795,65.47923423934225,-65.43689227922346
0.4195833333333333,Karpas299,20250120,16000.0,0.0,0.4272380144251167,149.25457397739467,-148.82733596296956
0.5050833333333333,Karpas299,20250120,4000.0,0.0,0.5142978362324989,232.6218658550521,-232.10756801881962
0.6025833333333332,Karpas299,20250120,1000.0,0.0,0.613576580398812,309.4248782192231,-308.8113016388243
0.7855833333333333,Karpas299,20250120,250.0,0.0,0.7999151463725074,375.31339022698234,-374.51347508060985
0.9685833333333334,Karpas299,20250120,62.5,0.0,0.9862537123462028,428.4698823443393,-427.4836286319931
1.0260833333333332,Karpas299,20250120,15.625,0.0,1.0448027153160797,469.2687733324793,-468.2239706171633
0.9880833333333332,Karpas299,20250120,0.0,0.0,1.0061094611794654,569.1732996451018,-568.1671901839223
